{
  "name": "Themer Dark",
  "background": "#302833",
  "foreground": "#eee8d5",
  "cursorColor": "#007bbb",
  "selectionBackground": "#51a8dd",
  "black": "#b19693",
  "brightBlack": "#657b83",
  "red": "#da5673",
  "brightRed": "#DD7286",
  "green": "#8cc16d",
  "brightGreen": "#9FC882",
  "yellow": "#eebf35",
  "brightYellow": "#EDC655",
  "blue": "#51a8dd",
  "brightBlue": "#6FB4DB",
  "purple": "#007bbb",
  "brightPurple": "#2F90C0",
  "cyan": "#81c7d4",
  "brightCyan": "#96CDD4",
  "white": "#eee8d5",
  "brightWhite": "#e9e4d4"
}