{
  "name": "Themer Dark",
  "type": "dark",
  "colors": {
    "focusBorder": "#f7f1d5",
    "foreground": "#f7f1d5",
    "widget.shadow": "#3c2f41",
    "selection.background": "#b19693",
    "errorForeground": "#da5673",
    "button.background": "#51a8dd",
    "button.foreground": "#3c2f41",
    "button.hoverBackground": "#81c7d4",
    "dropdown.background": "#073642",
    "dropdown.border": "#073642",
    "dropdown.foreground": "#eee8d5",
    "input.background": "#073642",
    "input.border": "#073642",
    "input.foreground": "#eee8d5",
    "input.placeholderForeground": "#b19693",
    "inputOption.activeBorder": "#81c7d4",
    "inputValidation.errorBackground": "#073642",
    "inputValidation.errorBorder": "#da5673",
    "inputValidation.infoBackground": "#073642",
    "inputValidation.infoBorder": "#51a8dd",
    "inputValidation.warningBackground": "#073642",
    "inputValidation.warningBorder": "#f596aa",
    "scrollbar.shadow": "#3c2f41",
    "scrollbarSlider.activeBackground": "#f7f1d57f",
    "scrollbarSlider.background": "#657b837f",
    "scrollbarSlider.hoverBackground": "#8394967f",
    "badge.foreground": "#3c2f41",
    "badge.background": "#f7f1d5",
    "progressBar.background": "#8cc16d",
    "list.activeSelectionBackground": "#8cc16d7f",
    "list.activeSelectionForeground": "#3c2f41",
    "list.dropBackground": "#657b83",
    "list.focusBackground": "#657b83",
    "list.highlightForeground": "#eebf35",
    "list.hoverBackground": "#073642",
    "list.inactiveSelectionBackground": "#073642",
    "list.inactiveSelectionForeground": "#f7f1d5",
    "list.hoverForeground": "#f7f1d5",
    "list.focusForeground": "#3c2f41",
    "list.invalidItemForeground": "#da5673",
    "list.errorForeground": "#da5673",
    "list.warningForeground": "#eebf35",
    "listFilterWidget.background": "#073642",
    "listFilterWidget.outline": "#51a8dd",
    "listFilterWidget.noMatchesOutline": "#da5673",
    "tree.indentGuidesStroke": "#073642",
    "activityBar.background": "#3c2f41",
    "activityBar.dropBackground": "#073642",
    "activityBar.foreground": "#f7f1d5",
    "activityBar.border": "#3c2f41",
    "activityBarBadge.background": "#f7f1d5",
    "activityBarBadge.foreground": "#3c2f41",
    "sideBar.background": "#3c2f41",
    "sideBar.foreground": "#eee8d5",
    "sideBar.border": "#073642",
    "sideBarTitle.foreground": "#f7f1d5",
    "sideBarSectionHeader.background": "#b19693",
    "sideBarSectionHeader.foreground": "#eee8d5",
    "editorPane.background": "#3c2f41",
    "editorGroup.emptyBackground": "#3c2f41",
    "editorGroup.border": "#073642",
    "editorGroup.focusedEmptyBorder": "#073642",
    "editorGroup.dropBackground": "#b196937f",
    "editorGroupHeader.noTabsBackground": "#3c2f41",
    "editorGroupHeader.tabsBackground": "#3c2f41",
    "editorGroupHeader.tabsBorder": "#3c2f41",
    "tab.activeBackground": "#3c2f41",
    "tab.activeForeground": "#eee8d5",
    "tab.border": "#3c2f41",
    "tab.inactiveBackground": "#073642",
    "tab.inactiveForeground": "#657b83",
    "tab.unfocusedActiveForeground": "#657b83",
    "tab.unfocusedInactiveForeground": "#b19693",
    "editor.background": "#3c2f41",
    "editor.foreground": "#f7f1d5",
    "editorLineNumber.foreground": "#b19693",
    "editorCursor.foreground": "#f7f1d5",
    "editor.selectionBackground": "#51a8dd33",
    "editor.selectionHighlightBackground": "#073642",
    "editor.inactiveSelectionBackground": "#51a8dd33",
    "editor.wordHighlightBackground": "#f7f1d57f",
    "editor.wordHighlightStrongBackground": "#b595cf7f",
    "editor.findMatchBackground": "#eebf357f",
    "editor.findMatchHighlightBackground": "#eebf353f",
    "editor.findRangeHighlightBackground": "#073642",
    "editor.hoverHighlightBackground": "#b19693",
    "editor.lineHighlightBackground": "#3c2f41",
    "editor.lineHighlightBorder": "#073642",
    "editorLink.activeForeground": "#81c7d4",
    "editor.rangeHighlightBackground": "#073642",
    "editorWhitespace.foreground": "#073642",
    "editorIndentGuide.background": "#073642",
    "editorIndentGuide.activeBackground": "#b19693",
    "editorRuler.foreground": "#073642",
    "editorCodeLens.foreground": "#f7f1d5",
    "editorBracketMatch.background": "#073642",
    "editorBracketMatch.border": "#073642",
    "editorOverviewRuler.border": "#073642",
    "editorOverviewRuler.findMatchForeground": "#eebf35bf",
    "editorOverviewRuler.rangeHighlightForeground": "#b19693bf",
    "editorOverviewRuler.selectionHighlightForeground": "#073642bf",
    "editorOverviewRuler.wordHighlightForeground": "#b19693bf",
    "editorOverviewRuler.wordHighlightStrongForeground": "#657b83bf",
    "editorOverviewRuler.modifiedForeground": "#eebf357f",
    "editorOverviewRuler.addedForeground": "#8cc16d7f",
    "editorOverviewRuler.deletedForeground": "#da56737f",
    "editorOverviewRuler.errorForeground": "#da56737f",
    "editorOverviewRuler.warningForeground": "#f596aa7f",
    "editorOverviewRuler.infoForeground": "#51a8dd7f",
    "editorError.foreground": "#da5673",
    "editorError.border": "#f7f1d5",
    "editorWarning.foreground": "#f596aa",
    "editorWarning.border": "#eee8d5",
    "editorGutter.background": "#3c2f41",
    "editorGutter.modifiedBackground": "#eebf35",
    "editorGutter.addedBackground": "#8cc16d",
    "editorGutter.deletedBackground": "#da5673",
    "diffEditor.insertedTextBackground": "#8cc16d20",
    "diffEditor.removedTextBackground": "#da567320",
    "editorWidget.background": "#073642",
    "editorWidget.border": "#073642",
    "editorSuggestWidget.background": "#073642",
    "editorSuggestWidget.border": "#073642",
    "editorSuggestWidget.foreground": "#eee8d5",
    "editorSuggestWidget.highlightForeground": "#b595cf",
    "editorSuggestWidget.selectedBackground": "#b19693",
    "editorHoverWidget.background": "#073642",
    "editorHoverWidget.border": "#073642",
    "debugExceptionWidget.background": "#073642",
    "debugExceptionWidget.border": "#073642",
    "editorMarkerNavigation.background": "#073642",
    "editorMarkerNavigationError.background": "#da5673",
    "editorMarkerNavigationWarning.background": "#f596aa",
    "peekView.border": "#b595cf",
    "peekViewEditor.background": "#073642",
    "peekViewEditorGutter.background": "#073642",
    "peekViewEditor.matchHighlightBackground": "#eebf357f",
    "peekViewResult.background": "#073642",
    "peekViewResult.fileForeground": "#eee8d5",
    "peekViewResult.lineForeground": "#b19693",
    "peekViewResult.matchHighlightBackground": "#eebf35",
    "peekViewResult.selectionBackground": "#657b83",
    "peekViewResult.selectionForeground": "#f7f1d5",
    "peekViewTitle.background": "#b19693",
    "peekViewTitleDescription.foreground": "#f7f1d5",
    "peekViewTitleLabel.foreground": "#f7f1d5",
    "merge.currentHeaderBackground": "#81c7d44c",
    "merge.currentContentBackground": "#81c7d44c",
    "merge.incomingHeaderBackground": "#51a8dd4c",
    "merge.incomingContentBackground": "#51a8dd4c",
    "merge.commonContentBackground": "#f7f1d54c",
    "merge.commonHeaderBackground": "#f7f1d54c",
    "merge.border": "#839496",
    "editorOverviewRuler.currentContentForeground": "#81c7d4",
    "editorOverviewRuler.incomingContentForeground": "#51a8dd",
    "editorOverviewRuler.commonContentForeground": "#f7f1d5",
    "panel.background": "#3c2f41",
    "panel.border": "#073642",
    "panelTitle.activeBorder": "#657b83",
    "panelTitle.activeForeground": "#eee8d5",
    "panelTitle.inactiveForeground": "#839496",
    "statusBar.background": "#51a8dd",
    "statusBar.foreground": "#3c2f41",
    "statusBar.border": "#51a8dd7f",
    "statusBar.debuggingBackground": "#f596aa",
    "statusBar.debuggingForeground": "#3c2f41",
    "statusBar.debuggingBorder": "#f596aa7f",
    "statusBar.noFolderBackground": "#f7f1d5",
    "statusBar.noFolderForeground": "#3c2f41",
    "statusBar.noFolderBorder": "#f7f1d57f",
    "statusBarItem.activeBackground": "#81c7d4",
    "statusBarItem.hoverBackground": "#8cc16d",
    "statusBarItem.prominentBackground": "#81c7d4",
    "statusBarItem.prominentHoverBackground": "#8cc16d",
    "titleBar.activeBackground": "#3c2f41",
    "titleBar.activeForeground": "#f7f1d5",
    "titleBar.inactiveBackground": "#3c2f41",
    "titleBar.inactiveForeground": "#657b83",
    "notification.background": "#073642",
    "notification.foreground": "#f7f1d5",
    "notification.buttonBackground": "#51a8dd",
    "notification.buttonHoverBackground": "#81c7d4",
    "notification.buttonForeground": "#3c2f41",
    "notification.infoBackground": "#51a8dd",
    "notification.infoForeground": "#3c2f41",
    "notification.warningBackground": "#f596aa",
    "notification.warningForeground": "#3c2f41",
    "notification.errorBackground": "#da5673",
    "notification.errorForeground": "#3c2f41",
    "extensionButton.prominentForeground": "#3c2f41",
    "extensionButton.prominentBackground": "#51a8dd",
    "extensionButton.prominentHoverBackground": "#81c7d4",
    "pickerGroup.border": "#f7f1d5",
    "pickerGroup.foreground": "#f7f1d5",
    "terminal.background": "#3c2f41",
    "terminal.foreground": "#eee8d5",
    "terminal.ansiBlack": "#3c2f41",
    "terminal.ansiBlue": "#51a8dd",
    "terminal.ansiBrightBlack": "#073642",
    "terminal.ansiBrightBlue": "#51a8dd",
    "terminal.ansiBrightCyan": "#81c7d4",
    "terminal.ansiBrightGreen": "#81c7d4",
    "terminal.ansiBrightMagenta": "#b595cf",
    "terminal.ansiBrightRed": "#f596aa",
    "terminal.ansiBrightWhite": "#f7f1d5",
    "terminal.ansiBrightYellow": "#eebf35",
    "terminal.ansiCyan": "#81c7d4",
    "terminal.ansiGreen": "#8cc16d",
    "terminal.ansiMagenta": "#b595cf",
    "terminal.ansiRed": "#da5673",
    "terminal.ansiWhite": "#eee8d5",
    "terminal.ansiYellow": "#eebf35",
    "terminal.selectionBackground": "#51a8dd7f",
    "terminalCursor.background": "#073642",
    "terminalCursor.foreground": "#f7f1d5",
    "debugToolBar.background": "#073642",
    "welcomePage.buttonBackground": "#073642",
    "welcomePage.buttonHoverBackground": "#b19693",
    "walkThrough.embeddedEditorBackground": "#3c2f41",
    "gitDecoration.modifiedResourceForeground": "#eebf35",
    "gitDecoration.deletedResourceForeground": "#da5673",
    "gitDecoration.untrackedResourceForeground": "#f7f1d5",
    "gitDecoration.ignoredResourceForeground": "#657b83",
    "gitDecoration.conflictingResourceForeground": "#81c7d4"
  },
  "tokenColors": [
    {
      "settings": {
        "background": "#3c2f41",
        "foreground": "#eee8d5",
        "selectionBorder": "#f7f1d5",
        "findHighlight": "#eebf35",
        "findHighlightForeground": "#3c2f41",
        "activeGuide": "#f596aa",
        "bracketsForeground": "#eee8d57F",
        "bracketsOptions": "stippled_underline",
        "bracketsContentsForeground": "#eee8d57F",
        "tagsOptions": "stippled_underline"
      }
    },
    {
      "name": "Comment",
      "scope": "comment",
      "settings": {
        "foreground": "#657b83"
      }
    },
    {
      "name": "Constant",
      "scope": "constant",
      "settings": {
        "foreground": "#b595cf"
      }
    },
    {
      "name": "Entity",
      "scope": "entity",
      "settings": {
        "foreground": "#81c7d4"
      }
    },
    {
      "name": "Invalid",
      "scope": "invalid",
      "settings": {
        "foreground": "#da5673"
      }
    },
    {
      "name": "Keyword",
      "scope": "keyword",
      "settings": {
        "foreground": "#f7f1d5"
      }
    },
    {
      "name": "Storage",
      "scope": "storage",
      "settings": {
        "foreground": "#b595cf"
      }
    },
    {
      "name": "String",
      "scope": "string",
      "settings": {
        "foreground": "#8cc16d"
      }
    },
    {
      "name": "Support",
      "scope": "support",
      "settings": {
        "foreground": "#81c7d4"
      }
    },
    {
      "name": "Variable",
      "scope": "variable",
      "settings": {
        "foreground": "#f7f1d5"
      }
    },
    {
      "name": "Markup Heading",
      "scope": "markup.heading",
      "settings": {
        "foreground": "#81c7d4"
      }
    },
    {
      "name": "Markup Deleted",
      "scope": "markup.deleted",
      "settings": {
        "foreground": "#da5673"
      }
    },
    {
      "name": "Markup Inserted",
      "scope": "markup.inserted",
      "settings": {
        "foreground": "#8cc16d"
      }
    },
    {
      "name": "Markup Changed",
      "scope": "markup.changed",
      "settings": {
        "foreground": "#eebf35"
      }
    },
    {
      "name": "Markup Underline",
      "scope": "markup.underline",
      "settings": {
        "fontStyle": "underline"
      }
    },
    {
      "name": "Markup Underline Link",
      "scope": "markup.underline.link",
      "settings": {
        "foreground": "#51a8dd"
      }
    },
    {
      "name": "Markup List",
      "scope": "markup.list",
      "settings": {
        "foreground": "#f7f1d5"
      }
    },
    {
      "name": "Markup Raw",
      "scope": "markup.raw",
      "settings": {
        "foreground": "#b595cf"
      }
    }
  ]
}